case_id	anchor_id	sign	requested_cbd_rms_distance	achieved_cbd_rms_distance	scalar_step	nearest_add_rms_distance	nearest_cbd_start_index	probability_rms_distance	mean_absolute_probability_difference	max_absolute_probability_difference	mean_bernoulli_kl_general_to_nearest_cbd	max_bernoulli_kl_general_to_nearest_cbd	information_weighted_logit_distance	saturation_count_0.05	saturation_count_0.10	mean_bernoulli_variance_general	min_bernoulli_variance_general	mean_bernoulli_variance_nearest_cbd	min_bernoulli_variance_nearest_cbd	min_probability_general	max_probability_general	min_probability_nearest_cbd	max_probability_nearest_cbd	general_coefficients	nearest_cbd_parameters
CBD_ANCHOR_1__COMPLEMENT_RELATION_VIOLATION__MINUS__RMS_0.10	CBD_ANCHOR_1	-1	0.1	0.09999999999772273	0.16845312602891369	0.20598847231520637	3	0.023553379935395923	0.015277637609748016	0.058929503821167906	0.0011844288833432652	0.007142334024507979	0.047959580640617575	0	0	0.2391100027711174	0.20463382482705694	0.2371707295290556	0.2078500363550336	0.2870066311526505	0.6247986914551579	0.294695436862776	0.6160196554972707	[-0.2,0.45016600268752216,0.0,0.4398671978499823,0.23980847844009034,-0.48361615572795413]	[-0.1999999010736194,-0.33848078453478697,2.648403182281172,0.7245028056201319]
CBD_ANCHOR_1__COMPLEMENT_RELATION_VIOLATION__PLUS__RMS_0.10	CBD_ANCHOR_1	1	0.1	0.09999999997617293	0.27743718695081343	0.13168395271193364	1	0.022137695909808672	0.018979808069906887	0.041958239251424945	0.0011034182069089343	0.0038858777568667527	0.046696877652547555	0	0	0.23028867531396674	0.16420525496260785	0.2297666069261919	0.17678462536460376	0.20709259989308543	0.7196125221522396	0.22941660317862028	0.6924522575480258	[-0.2,0.45016600268752216,0.0,0.4398671978499823,0.23980847844009034,0.28868852095572173]	[-0.19999967462347967,0.6994445544240672,-0.5609307880625087,1.4843681053635747]
CBD_ANCHOR_1__COMPLEMENT_RELATION_VIOLATION__MINUS__RMS_0.25	CBD_ANCHOR_1	-1	0.25	0.25000000000742884	0.36653770639301053	0.34257607783257754	0	0.05990079239837904	0.036443224292418426	0.14217292897040157	0.007528390376572906	0.04105549319288043	0.12060247473742278	0	0	0.2365140455003488	0.19653685416703234	0.23583420493643514	0.20485362859611853	0.2687790108295364	0.6458453059116097	0.2875232450269407	0.6242063306262323	[-0.2,0.45016600268752216,0.0,0.4398671978499823,0.23980847844009034,-0.8267087131145303]	[-0.20000142355543166,-0.17818521620626232,5.0,0.7973483975209525]
CBD_ANCHOR_1__COMPLEMENT_RELATION_VIOLATION__PLUS__RMS_0.25	CBD_ANCHOR_1	1	0.25	0.24999999999935177	2.3720038030969484	1.6000174818640676	3	0.045250312004515014	0.031712967652062475	0.08275722779225769	0.004537992136181941	0.013718629091489382	0.09435366380784405	6	6	0.16333403729112858	0.006844783134875245	0.1601434917368117	0.009866093988270354	0.006892286751540708	0.9897526528259729	0.009965403250209642	0.9852058738026427	[-0.2,0.45016600268752216,0.0,0.4398671978499823,0.23980847844009034,3.9165843199584454]	[-0.20000003219811047,2.2595386597281406,-4.102705609090109,5.0]
CBD_ANCHOR_1__COMPLEMENT_RELATION_VIOLATION__MINUS__RMS_0.50	CBD_ANCHOR_1	-1	0.5	0.49999999999767436	2.853055511576325	2.096559074696982	0	0.10529607517950358	0.07160102277896938	0.23791165677458703	0.02361703897838302	0.11687117865759813	0.21075301775217475	6	6	0.16208348931819963	0.004905076907692347	0.16199621688163912	0.009255443336322614	0.004929375652010986	0.9926640209230797	0.009342729939036381	0.9861260359182943	[-0.2,0.45016600268752216,0.0,0.4398671978499823,0.23980847844009034,-5.133483885616683]	[-0.19999998096115898,3.0251641707588814,-5.0,-5.0]
CBD_ANCHOR_1__COMPLEMENT_RELATION_VIOLATION__PLUS__RMS_0.50	CBD_ANCHOR_1	1	0.5	0.4999999999915153	3.0246865306548534	2.06129237729731	5	0.053098169484712146	0.03562937623488898	0.10653480651954528	0.006837082865133283	0.026945832637538095	0.11642058619738471	6	6	0.16033855295126295	0.002230805680341266	0.15519588548759822	0.006515663336175371	0.0022358045021129347	0.9966682353126406	0.0065586796144605115	0.9902470600206443	[-0.2,0.45016600268752216,0.0,0.4398671978499823,0.23980847844009034,5.047063965311373]	[-0.20000000031828313,1.8431300196235594,-5.0,5.0]
CBD_ANCHOR_2__COMPLEMENT_RELATION_VIOLATION__MINUS__RMS_0.10	CBD_ANCHOR_2	-1	0.1	0.0999999999977336	0.192531139215889	0.25441442364644246	3	0.023539209629742184	0.013587058525624942	0.059629246486781806	0.0011839701518099976	0.007301967951768892	0.04792822130331368	0	0	0.23689072968309643	0.19661193324148185	0.23450053151480318	0.196854339321693	0.2689414213699951	0.6456563062257954	0.2694665736204248	0.6450453042993786	[-0.2,0.5,0.0,0.5,0.26852478349901754,-0.601998498660054]	[-0.200000123417036,-0.008062195265527757,5.0,0.9930765055778347]
CBD_ANCHOR_2__COMPLEMENT_RELATION_VIOLATION__PLUS__RMS_0.10	CBD_ANCHOR_2	1	0.1	0.09999999999970528	0.32811925852930873	0.1389452587352811	4	0.02189077030300631	0.018705403254564143	0.03934078158646115	0.0010889786711659253	0.0035122947946962316	0.04638155148652449	0	0	0.22679991210245495	0.15286074363329144	0.22617139266689634	0.1647613830635163	0.18832828750958397	0.7428642779069928	0.20804346738515386	0.7184448854888205	[-0.2,0.5,0.0,0.5,0.26852478349901754,0.2997944432155729]	[-0.19999934690763832,0.9747612433568602,-0.5282470195683964,1.9756383247884308]
CBD_ANCHOR_2__COMPLEMENT_RELATION_VIOLATION__MINUS__RMS_0.25	CBD_ANCHOR_2	-1	0.25	0.24999999999698147	0.36738317760855055	0.37521405846035877	2	0.05955533683384954	0.03646312171948144	0.13519147591597164	0.0074637567886023815	0.037147455451714356	0.12073830503740109	0	0	0.2342693277541816	0.19054741842505513	0.23450137875132995	0.19663248939958466	0.2561709993152068	0.6605992876708832	0.26898590822113183	0.6456044502808104	[-0.2,0.5,0.0,0.5,0.26852478349901754,-0.9048511129631278]	[-0.20000019788756498,0.03458784835687735,5.0,1.0065777165936982]
CBD_ANCHOR_2__COMPLEMENT_RELATION_VIOLATION__PLUS__RMS_0.25	CBD_ANCHOR_2	1	0.25	0.24999999999990316	2.2865521176977635	1.508646252431661	2	0.04261164596567637	0.029570446174648657	0.08935554674650686	0.004084550197451586	0.015999153173580277	0.0900818086174248	6	6	0.1626134572359313	0.00768439555985587	0.16014925783047	0.011399750387324869	0.007744370839556442	0.9884905941771757	0.011532754821088202	0.9828921841645487	[-0.2,0.5,0.0,0.5,0.26852478349901754,3.6918996585077206]	[-0.20000013290917903,2.135667057100301,-3.7196267590546923,5.0]
CBD_ANCHOR_2__COMPLEMENT_RELATION_VIOLATION__MINUS__RMS_0.50	CBD_ANCHOR_2	-1	0.5	0.5000000000183639	2.738087850440656	2.0468023951243515	1	0.10697050929889028	0.07330994188311843	0.236876388719648	0.024296860022414754	0.1153430662118271	0.21526708823110313	6	6	0.16120480662067238	0.005608569255948755	0.1626633566466437	0.010247638298150754	0.005640383178347339	0.991608814887092	0.0103548614538798	0.9846306347083505	[-0.2,0.5,0.0,0.5,0.26852478349901754,-5.011032056049287]	[-0.1999999992790603,3.2294944735641473,-5.0,-5.0]
CBD_ANCHOR_2__COMPLEMENT_RELATION_VIOLATION__PLUS__RMS_0.50	CBD_ANCHOR_2	1	0.5	0.5000000000030114	3.0352750185070447	2.037700613631833	5	0.05104746406858231	0.03355103392727197	0.10898806620294821	0.006277074500405512	0.023825590536259197	0.11311267726064117	6	6	0.158801039262623	0.002124744475891303	0.15453334485529246	0.006456390378341092	0.00212927830197858	0.9968268131027292	0.006498622472379609	0.9903360820769938	[-0.2,0.5,0.0,0.5,0.26852478349901754,4.988725763499748]	[-0.2000000035702811,1.7880098205662562,-5.0,5.0]
