restriction	role	anchor_id	axis	sign	requested_cbd_rms_distance	achieved	nearest_add	rejections	evaluation_replicates	fit_failure_count	bootstrap_calibration_failure_count	mean_bootstrap_fit_failures	mean_held_out_participant_delta	mean_held_out_item_delta
ADD_RESTRICTION	ADD_DEPARTURE_DIAGNOSTIC	CBD_ANCHOR_1	COMBINED_VIOLATION	-1	0.1	0.1	0.166568538982	6	20	0	0	0	0.300948258633	-0.636529570328
CBD_COMPLEMENT_RESTRICTION	CBD_DEPARTURE_DETECTION	CBD_ANCHOR_1	COMBINED_VIOLATION	-1	0.1	0.1	0.166568538982	2	20	0	0	0	-0.294617669698	-0.267759117032
ADD_RESTRICTION	ADD_DEPARTURE_DIAGNOSTIC	CBD_ANCHOR_1	COMBINED_VIOLATION	-1	0.25	0.25	0.273036209837	16	20	0	0	0	0.308023470838	1.17792550542
CBD_COMPLEMENT_RESTRICTION	CBD_DEPARTURE_DETECTION	CBD_ANCHOR_1	COMBINED_VIOLATION	-1	0.25	0.25	0.273036209837	18	20	0	0	0	0.0371524944123	0.830587584816
ADD_RESTRICTION	ADD_DEPARTURE_DIAGNOSTIC	CBD_ANCHOR_1	COMBINED_VIOLATION	-1	0.5	0.5	0.458338209161	20	20	0	0	0	2.03126297261	3.11151318364
CBD_COMPLEMENT_RESTRICTION	CBD_DEPARTURE_DETECTION	CBD_ANCHOR_1	COMBINED_VIOLATION	-1	0.5	0.5	0.458338209161	20	20	0	0	0	2.68332325041	6.80464374523
ADD_RESTRICTION	ADD_DEPARTURE_DIAGNOSTIC	CBD_ANCHOR_1	COMBINED_VIOLATION	1	0.1	0.1	0.0590448857483	0	20	0	0	0	0.0965684743529	-0.067607641879
CBD_COMPLEMENT_RESTRICTION	CBD_DEPARTURE_DETECTION	CBD_ANCHOR_1	COMBINED_VIOLATION	1	0.1	0.1	0.0590448857483	2	20	0	0	0	0.0287179213344	-0.03917023619
ADD_RESTRICTION	ADD_DEPARTURE_DIAGNOSTIC	CBD_ANCHOR_1	COMBINED_VIOLATION	1	0.25	0.25	0.158291412765	8	20	0	0	0	0.299664077747	0.337245965272
CBD_COMPLEMENT_RESTRICTION	CBD_DEPARTURE_DETECTION	CBD_ANCHOR_1	COMBINED_VIOLATION	1	0.25	0.25	0.158291412765	13	20	0	0	0	0.287014955425	1.24085241445
ADD_RESTRICTION	ADD_DEPARTURE_DIAGNOSTIC	CBD_ANCHOR_1	COMBINED_VIOLATION	1	0.5	0.500000000001	0.403719377337	19	20	0	0	0	0.792549744466	1.88185729843
CBD_COMPLEMENT_RESTRICTION	CBD_DEPARTURE_DETECTION	CBD_ANCHOR_1	COMBINED_VIOLATION	1	0.5	0.500000000001	0.403719377337	20	20	0	0	0	2.562353409	4.37218820599
ADD_RESTRICTION	ADD_DEPARTURE_DIAGNOSTIC	CBD_ANCHOR_2	COMBINED_VIOLATION	-1	0.1	0.1	0.201908446012	9	20	0	0	0	0.152556050638	0.692884472088
CBD_COMPLEMENT_RESTRICTION	CBD_DEPARTURE_DETECTION	CBD_ANCHOR_2	COMBINED_VIOLATION	-1	0.1	0.1	0.201908446012	3	20	0	0	0	-0.625144790258	-0.258340830231
ADD_RESTRICTION	ADD_DEPARTURE_DIAGNOSTIC	CBD_ANCHOR_2	COMBINED_VIOLATION	-1	0.25	0.250000000005	0.308069329851	18	20	0	0	0	0.0958086629625	1.83226111324
CBD_COMPLEMENT_RESTRICTION	CBD_DEPARTURE_DETECTION	CBD_ANCHOR_2	COMBINED_VIOLATION	-1	0.25	0.250000000005	0.308069329851	13	20	0	0	0	-0.0620619844618	1.63505810791
ADD_RESTRICTION	ADD_DEPARTURE_DIAGNOSTIC	CBD_ANCHOR_2	COMBINED_VIOLATION	-1	0.5	0.5	0.469321873443	20	20	0	0	0	1.89553982094	4.75562305109
CBD_COMPLEMENT_RESTRICTION	CBD_DEPARTURE_DETECTION	CBD_ANCHOR_2	COMBINED_VIOLATION	-1	0.5	0.5	0.469321873443	20	20	0	0	0	1.7484855318	6.14910624487
ADD_RESTRICTION	ADD_DEPARTURE_DIAGNOSTIC	CBD_ANCHOR_2	COMBINED_VIOLATION	1	0.1	0.1	0.0696285838349	1	20	0	0	0	-0.268251341355	0.121264563452
CBD_COMPLEMENT_RESTRICTION	CBD_DEPARTURE_DETECTION	CBD_ANCHOR_2	COMBINED_VIOLATION	1	0.1	0.1	0.0696285838349	2	20	0	0	0	0.0414906236755	-0.192905611657
ADD_RESTRICTION	ADD_DEPARTURE_DIAGNOSTIC	CBD_ANCHOR_2	COMBINED_VIOLATION	1	0.25	0.25	0.136646391171	5	20	0	0	0	-0.201929386399	-0.109941073708
CBD_COMPLEMENT_RESTRICTION	CBD_DEPARTURE_DETECTION	CBD_ANCHOR_2	COMBINED_VIOLATION	1	0.25	0.25	0.136646391171	14	20	0	0	0	0.305994160459	0.863025095834
ADD_RESTRICTION	ADD_DEPARTURE_DIAGNOSTIC	CBD_ANCHOR_2	COMBINED_VIOLATION	1	0.5	0.500000000003	0.377624529942	19	20	0	0	0	0.235155470778	1.03259312393
CBD_COMPLEMENT_RESTRICTION	CBD_DEPARTURE_DETECTION	CBD_ANCHOR_2	COMBINED_VIOLATION	1	0.5	0.500000000003	0.377624529942	20	20	0	0	0	1.31894360676	3.41516653463
ADD_RESTRICTION	ADD_DEPARTURE_DIAGNOSTIC	CBD_ANCHOR_1	COMPLEMENT_RELATION_VIOLATION	-1	0.1	0.0999999999972	0.205988472317	11	20	0	0	0	0.07833162828	0.180925263739
CBD_COMPLEMENT_RESTRICTION	CBD_DEPARTURE_DETECTION	CBD_ANCHOR_1	COMPLEMENT_RELATION_VIOLATION	-1	0.1	0.0999999999972	0.205988472317	2	20	0	0	0	-0.136420110855	-0.108210207854
ADD_RESTRICTION	ADD_DEPARTURE_DIAGNOSTIC	CBD_ANCHOR_1	COMPLEMENT_RELATION_VIOLATION	-1	0.25	0.250000000004	0.342576077834	18	20	0	0	0	1.34823315642	1.61596810344
CBD_COMPLEMENT_RESTRICTION	CBD_DEPARTURE_DETECTION	CBD_ANCHOR_1	COMPLEMENT_RELATION_VIOLATION	-1	0.25	0.250000000004	0.342576077834	10	20	0	0	0	0.723625018918	0.409815630441
ADD_RESTRICTION	ADD_DEPARTURE_DIAGNOSTIC	CBD_ANCHOR_1	COMPLEMENT_RELATION_VIOLATION	-1	0.5	0.499999999998	2.0965590747	20	20	0	0	0	15.9642621279	23.7783771619
CBD_COMPLEMENT_RESTRICTION	CBD_DEPARTURE_DETECTION	CBD_ANCHOR_1	COMPLEMENT_RELATION_VIOLATION	-1	0.5	0.499999999998	2.0965590747	19	20	0	0	0	0.59502795812	0.246270722319
ADD_RESTRICTION	ADD_DEPARTURE_DIAGNOSTIC	CBD_ANCHOR_1	COMPLEMENT_RELATION_VIOLATION	1	0.1	0.0999999999766	0.131683952719	2	20	0	0	0	-0.0479936339705	-0.186175447884
CBD_COMPLEMENT_RESTRICTION	CBD_DEPARTURE_DETECTION	CBD_ANCHOR_1	COMPLEMENT_RELATION_VIOLATION	1	0.1	0.0999999999766	0.131683952719	4	20	0	0	0	-0.0447939700632	0.276890705798
ADD_RESTRICTION	ADD_DEPARTURE_DIAGNOSTIC	CBD_ANCHOR_1	COMPLEMENT_RELATION_VIOLATION	1	0.25	0.25	1.60001748187	20	20	0	0	0	8.08317953441	12.8642601882
CBD_COMPLEMENT_RESTRICTION	CBD_DEPARTURE_DETECTION	CBD_ANCHOR_1	COMPLEMENT_RELATION_VIOLATION	1	0.25	0.25	1.60001748187	9	20	0	0	0	-0.24675148791	-0.265016975721
ADD_RESTRICTION	ADD_DEPARTURE_DIAGNOSTIC	CBD_ANCHOR_1	COMPLEMENT_RELATION_VIOLATION	1	0.5	0.499999999992	2.0612923773	20	20	0	0	0	9.91165949464	16.3521928441
CBD_COMPLEMENT_RESTRICTION	CBD_DEPARTURE_DETECTION	CBD_ANCHOR_1	COMPLEMENT_RELATION_VIOLATION	1	0.5	0.499999999992	2.0612923773	11	20	0	0	0	0.156314865154	0.294405593876
ADD_RESTRICTION	ADD_DEPARTURE_DIAGNOSTIC	CBD_ANCHOR_2	COMPLEMENT_RELATION_VIOLATION	-1	0.1	0.100000000007	0.254414423646	16	20	0	0	0	0.721592376129	0.394535185111
CBD_COMPLEMENT_RESTRICTION	CBD_DEPARTURE_DETECTION	CBD_ANCHOR_2	COMPLEMENT_RELATION_VIOLATION	-1	0.1	0.100000000007	0.254414423646	6	20	0	0	0	-0.15431486643	0.369289780077
ADD_RESTRICTION	ADD_DEPARTURE_DIAGNOSTIC	CBD_ANCHOR_2	COMPLEMENT_RELATION_VIOLATION	-1	0.25	0.250000000002	0.375214058461	20	20	0	0	0	0.887526865206	0.981444932274
CBD_COMPLEMENT_RESTRICTION	CBD_DEPARTURE_DETECTION	CBD_ANCHOR_2	COMPLEMENT_RELATION_VIOLATION	-1	0.25	0.250000000002	0.375214058461	14	20	0	0	0	0.532384416611	0.012578761777
ADD_RESTRICTION	ADD_DEPARTURE_DIAGNOSTIC	CBD_ANCHOR_2	COMPLEMENT_RELATION_VIOLATION	-1	0.5	0.500000000018	2.04680239512	20	20	0	0	0	16.5950270235	24.9121555389
CBD_COMPLEMENT_RESTRICTION	CBD_DEPARTURE_DETECTION	CBD_ANCHOR_2	COMPLEMENT_RELATION_VIOLATION	-1	0.5	0.500000000018	2.04680239512	19	20	0	0	0	0.790792401003	1.04526268495
ADD_RESTRICTION	ADD_DEPARTURE_DIAGNOSTIC	CBD_ANCHOR_2	COMPLEMENT_RELATION_VIOLATION	1	0.1	0.100000000001	0.138945258738	6	20	0	0	0	0.0623813681252	-0.236391078633
CBD_COMPLEMENT_RESTRICTION	CBD_DEPARTURE_DETECTION	CBD_ANCHOR_2	COMPLEMENT_RELATION_VIOLATION	1	0.1	0.100000000001	0.138945258738	5	20	0	0	0	-0.234860515062	-0.336397781498
ADD_RESTRICTION	ADD_DEPARTURE_DIAGNOSTIC	CBD_ANCHOR_2	COMPLEMENT_RELATION_VIOLATION	1	0.25	0.250000000002	1.50864625243	20	20	0	0	0	10.2348255276	13.2960650884
CBD_COMPLEMENT_RESTRICTION	CBD_DEPARTURE_DETECTION	CBD_ANCHOR_2	COMPLEMENT_RELATION_VIOLATION	1	0.25	0.250000000002	1.50864625243	2	20	0	0	0	-0.398047965642	0.00523678679421
ADD_RESTRICTION	ADD_DEPARTURE_DIAGNOSTIC	CBD_ANCHOR_2	COMPLEMENT_RELATION_VIOLATION	1	0.5	0.500000000003	2.03770061363	20	20	0	0	0	9.13266030587	15.4476854666
CBD_COMPLEMENT_RESTRICTION	CBD_DEPARTURE_DETECTION	CBD_ANCHOR_2	COMPLEMENT_RELATION_VIOLATION	1	0.5	0.500000000003	2.03770061363	10	20	0	0	0	0.159105340437	0.179993771918
ADD_RESTRICTION	ADD_SPECIFICITY_NEGATIVE_CONTROL	CBD_ADD_INTERSECTION_ANCHOR_1	STANDALONE_ACCURACY_MAIN_EFFECT	-1	0.1	0.1	1.4434334523e-16	1	20	0	0	0	-0.238556686491	-1.18640593465
CBD_COMPLEMENT_RESTRICTION	CBD_DEPARTURE_DETECTION	CBD_ADD_INTERSECTION_ANCHOR_1	STANDALONE_ACCURACY_MAIN_EFFECT	-1	0.1	0.1	1.4434334523e-16	2	20	0	0	0	0.168080173857	-0.942648058543
ADD_RESTRICTION	ADD_SPECIFICITY_NEGATIVE_CONTROL	CBD_ADD_INTERSECTION_ANCHOR_1	STANDALONE_ACCURACY_MAIN_EFFECT	-1	0.25	0.25	1.6716231927e-16	0	20	0	0	0	-0.148451976893	-0.649976864489
CBD_COMPLEMENT_RESTRICTION	CBD_DEPARTURE_DETECTION	CBD_ADD_INTERSECTION_ANCHOR_1	STANDALONE_ACCURACY_MAIN_EFFECT	-1	0.25	0.25	1.6716231927e-16	17	20	0	0	0	0.192422915992	0.672463095446
ADD_RESTRICTION	ADD_SPECIFICITY_NEGATIVE_CONTROL	CBD_ADD_INTERSECTION_ANCHOR_1	STANDALONE_ACCURACY_MAIN_EFFECT	-1	0.5	0.5	1.63909648814e-16	0	20	0	0	0	-0.818570976422	-0.770256771081
CBD_COMPLEMENT_RESTRICTION	CBD_DEPARTURE_DETECTION	CBD_ADD_INTERSECTION_ANCHOR_1	STANDALONE_ACCURACY_MAIN_EFFECT	-1	0.5	0.5	1.63909648814e-16	20	20	0	0	0	1.73059846806	3.65535992123
ADD_RESTRICTION	ADD_SPECIFICITY_NEGATIVE_CONTROL	CBD_ADD_INTERSECTION_ANCHOR_1	STANDALONE_ACCURACY_MAIN_EFFECT	1	0.1	0.1	1.3929871576e-16	1	20	0	0	0	-0.187299916255	-0.398365557148
CBD_COMPLEMENT_RESTRICTION	CBD_DEPARTURE_DETECTION	CBD_ADD_INTERSECTION_ANCHOR_1	STANDALONE_ACCURACY_MAIN_EFFECT	1	0.1	0.1	1.3929871576e-16	2	20	0	0	0	0.0256379794876	-0.00378275655079
ADD_RESTRICTION	ADD_SPECIFICITY_NEGATIVE_CONTROL	CBD_ADD_INTERSECTION_ANCHOR_1	STANDALONE_ACCURACY_MAIN_EFFECT	1	0.25	0.25	1.5390903226e-16	2	20	0	0	0	-0.0209978208068	0.0133384147375
CBD_COMPLEMENT_RESTRICTION	CBD_DEPARTURE_DETECTION	CBD_ADD_INTERSECTION_ANCHOR_1	STANDALONE_ACCURACY_MAIN_EFFECT	1	0.25	0.25	1.5390903226e-16	13	20	0	0	0	0.28789173893	0.786455564376
ADD_RESTRICTION	ADD_SPECIFICITY_NEGATIVE_CONTROL	CBD_ADD_INTERSECTION_ANCHOR_1	STANDALONE_ACCURACY_MAIN_EFFECT	1	0.5	0.5	2.10160248e-16	1	20	0	0	0	-0.342746154124	-0.018679377407
CBD_COMPLEMENT_RESTRICTION	CBD_DEPARTURE_DETECTION	CBD_ADD_INTERSECTION_ANCHOR_1	STANDALONE_ACCURACY_MAIN_EFFECT	1	0.5	0.5	2.10160248e-16	20	20	0	0	0	2.82079165822	3.97234831372
ADD_RESTRICTION	ADD_SPECIFICITY_NEGATIVE_CONTROL	CBD_ADD_INTERSECTION_ANCHOR_2	STANDALONE_ACCURACY_MAIN_EFFECT	-1	0.1	0.1	2.39998043474e-16	0	20	0	0	0	-0.487543526302	-0.100542094085
CBD_COMPLEMENT_RESTRICTION	CBD_DEPARTURE_DETECTION	CBD_ADD_INTERSECTION_ANCHOR_2	STANDALONE_ACCURACY_MAIN_EFFECT	-1	0.1	0.1	2.39998043474e-16	3	20	0	0	0	-0.302218199069	0.331546885723
ADD_RESTRICTION	ADD_SPECIFICITY_NEGATIVE_CONTROL	CBD_ADD_INTERSECTION_ANCHOR_2	STANDALONE_ACCURACY_MAIN_EFFECT	-1	0.25	0.25	2.42568015755e-16	0	20	0	0	0	-0.212480813614	-0.113364718427
CBD_COMPLEMENT_RESTRICTION	CBD_DEPARTURE_DETECTION	CBD_ADD_INTERSECTION_ANCHOR_2	STANDALONE_ACCURACY_MAIN_EFFECT	-1	0.25	0.25	2.42568015755e-16	16	20	0	0	0	0.607997489737	1.2432312578
ADD_RESTRICTION	ADD_SPECIFICITY_NEGATIVE_CONTROL	CBD_ADD_INTERSECTION_ANCHOR_2	STANDALONE_ACCURACY_MAIN_EFFECT	-1	0.5	0.5	2.08292830289e-16	0	20	0	0	0	-0.435009976507	-0.50765146867
CBD_COMPLEMENT_RESTRICTION	CBD_DEPARTURE_DETECTION	CBD_ADD_INTERSECTION_ANCHOR_2	STANDALONE_ACCURACY_MAIN_EFFECT	-1	0.5	0.5	2.08292830289e-16	20	20	0	0	0	1.73581248685	3.75551097823
ADD_RESTRICTION	ADD_SPECIFICITY_NEGATIVE_CONTROL	CBD_ADD_INTERSECTION_ANCHOR_2	STANDALONE_ACCURACY_MAIN_EFFECT	1	0.1	0.1	1.36815121678e-16	0	20	0	0	0	-0.151847251174	-0.417558971724
CBD_COMPLEMENT_RESTRICTION	CBD_DEPARTURE_DETECTION	CBD_ADD_INTERSECTION_ANCHOR_2	STANDALONE_ACCURACY_MAIN_EFFECT	1	0.1	0.1	1.36815121678e-16	1	20	0	0	0	-0.361847167073	-0.0209384001567
ADD_RESTRICTION	ADD_SPECIFICITY_NEGATIVE_CONTROL	CBD_ADD_INTERSECTION_ANCHOR_2	STANDALONE_ACCURACY_MAIN_EFFECT	1	0.25	0.25	2.13643964266e-16	2	20	0	0	0	-0.109660217813	-0.582099359603
CBD_COMPLEMENT_RESTRICTION	CBD_DEPARTURE_DETECTION	CBD_ADD_INTERSECTION_ANCHOR_2	STANDALONE_ACCURACY_MAIN_EFFECT	1	0.25	0.25	2.13643964266e-16	16	20	0	0	0	0.376854747303	0.175944867429
ADD_RESTRICTION	ADD_SPECIFICITY_NEGATIVE_CONTROL	CBD_ADD_INTERSECTION_ANCHOR_2	STANDALONE_ACCURACY_MAIN_EFFECT	1	0.5	0.5	3.29010556503e-16	2	20	0	0	0	-0.393999186486	0.115837298595
CBD_COMPLEMENT_RESTRICTION	CBD_DEPARTURE_DETECTION	CBD_ADD_INTERSECTION_ANCHOR_2	STANDALONE_ACCURACY_MAIN_EFFECT	1	0.5	0.5	3.29010556503e-16	20	20	0	0	0	2.42716194078	3.72635721722
ADD_RESTRICTION	ADD_NULL_FALSE_REJECTION	ADD_ANCHOR			0			0	20	0	0	0	-0.301306402052	-0.369553022109
CBD_COMPLEMENT_RESTRICTION	CBD_NULL_FALSE_REJECTION	CBD_ANCHOR_1			0			1	20	0	0	0	-0.386635432861	-0.448913161096
CBD_COMPLEMENT_RESTRICTION	CBD_NULL_FALSE_REJECTION	CBD_ANCHOR_2			0			0	20	0	0	0	-0.152597972807	-0.723976011278
